PlayerID,Goals,Assists,MatchesPlayed,Rating
3659,27,9,20,8.925167758542763
5191,28,0,26,1.3266775478743504
1789,8,9,20,7.848296393615646
5448,2,12,17,8.522833680622156
4605,21,7,15,3.8052831728924184
5689,14,10,15,5.234061689980392
1396,3,0,24,4.671236346559425
2489,16,10,35,4.960921050757731
9162,16,14,29,8.620337697758151
9081,12,3,21,4.760818763656229
8241,26,8,18,3.7212742282134603
8583,28,3,22,2.173448692783911
5602,10,4,24,7.073553843014077
6021,28,14,24,1.7578354033683445
9338,7,14,35,1.5506403117433574
1687,2,13,22,7.134213584518866
7239,17,12,18,7.248600540443689
6449,0,14,20,2.7917204187504625
7054,7,8,31,9.614661754603796
1682,29,7,20,8.09032601887873
6522,8,0,18,7.177852383890526
9522,16,2,26,7.789128124111171
4053,7,3,32,4.70698286437926
4941,10,2,34,5.100782335173286
9149,0,8,30,8.831933909233133
5922,25,5,15,1.2287711487833213
7893,1,2,31,8.221790397862405
7237,14,7,14,5.028116909227303
7493,27,8,35,5.175716360513983
2262,16,9,34,3.9312966794491366
7065,28,3,30,6.463648336681064
1202,14,12,12,7.081060196211175
5309,28,4,15,2.446782773764547
2289,28,2,31,6.0914518936122715
9298,29,13,26,5.184206764245834
7517,17,4,20,8.037178019909511
8483,11,1,13,5.907585632435936
8202,13,1,35,4.866158910767057
7702,11,10,21,5.760379525497751
6230,1,12,19,5.415107552907757
2268,27,4,26,9.416600682598878
2297,20,14,15,3.8069897128773342
8193,28,6,27,1.3361405848897465
1315,25,0,30,6.9579707877736405
9744,28,2,28,6.434588087495525
3769,15,0,31,9.189723786294838
3001,18,7,34,2.0572895562723885
8834,28,1,24,5.703810588145272
6808,0,5,21,2.3569394502770886
8479,25,10,28,5.101380727435314
7568,1,5,34,8.194327128843256
4966,11,8,14,8.716492326497928
5450,3,5,27,8.50474324301971
1598,6,9,35,5.926643501520571
1311,27,5,21,6.705641111482984
3621,16,12,35,5.964080839264612
5707,4,10,35,6.051122009811333
4957,1,0,24,8.966357996704518
2179,12,6,19,2.883456053821497
8204,27,13,37,4.948892923636404
9979,7,13,34,6.490565652015791
5642,17,11,28,7.888169336140007
1353,3,5,18,7.857007510830682
5114,5,12,15,2.0552351978344734
6127,8,13,23,2.9971896884401676
4503,9,7,10,9.20366392429285
1783,3,0,10,4.217673599172772
6492,3,7,20,1.024413777354813
6772,6,7,12,2.7981736157198513
6238,13,0,30,9.725968878980133
3504,11,10,31,3.787737096599413
1925,14,6,14,6.523430939981082
6566,16,6,17,7.539849101698911
2743,20,6,31,6.819245526467249
6919,20,11,27,4.398095680803478
7990,12,12,14,4.873736038234382
1266,0,12,21,8.541867813864748
4087,21,14,32,6.965066182761018
7621,12,14,27,1.2109174594352994
6560,15,2,30,2.8311182696962933
4041,12,2,21,3.576681445029337
2886,8,10,30,4.289380314067261
6295,22,7,17,6.192043510551481
2657,17,7,18,4.2985953673514805
1552,15,7,24,8.42510724750937
3552,19,11,12,5.264520209533382
6458,11,14,24,5.5196089034703855
5668,7,2,37,4.846502666319788
8644,0,3,13,3.794197153532618
7757,12,11,37,7.523201070862609
3100,21,1,25,3.066066879844309
7243,18,10,34,7.205408329163445
4548,12,2,34,5.767355346587779
4420,2,4,28,1.9203691110092793
5354,27,2,27,1.1617052189498995
2389,29,3,36,2.5249925947435314
9132,0,6,25,7.849187971287698
7463,13,2,21,4.461378060447013
7282,23,0,21,8.2438885863017
5044,20,12,32,5.517152337438143
8104,0,13,13,1.2947196549174858
1807,28,0,24,8.614885373221552
9809,4,3,28,9.42637092069985
1910,29,0,27,1.6679368207745764
3146,4,5,35,2.8751560130675293
4485,10,3,20,7.439976282379893
1020,24,4,37,9.974579883052497
2759,27,5,33,8.886733514352404
6814,25,1,32,1.8905307489477485
1702,18,0,24,6.465133848519228
9072,11,12,25,6.986833313636117
3355,24,9,20,6.67748879128685
7601,7,11,20,6.112542381505495
5852,9,11,30,3.629835086875425
5616,17,1,22,7.016555503595
8648,8,13,16,7.556061393653841
7778,10,5,24,6.181895805902949
4183,29,12,26,5.474399738362957
9915,29,14,34,2.9712749365337032
7099,4,9,33,5.902516296991099
2282,23,8,36,2.154254198821899
8053,12,7,22,1.6544439233899988
7471,12,9,13,8.00066076121986
7259,23,10,10,7.086453690628167
8405,3,0,21,6.841289890165308
2710,16,4,13,9.353149521298807
4728,26,6,10,4.426954446439711
7695,13,7,15,4.5975881935697025
2081,8,6,33,4.723722141159209
7531,21,0,20,5.187547816088674
2878,1,11,30,5.615586902854302
9504,3,3,34,8.002156888811513
9024,10,3,35,2.9593297923281714
7295,9,14,27,4.906759947665255
7050,4,8,37,5.546146301889179
4917,15,14,27,2.5220590614864933
4731,5,11,29,7.3174844916359065
1051,4,5,15,1.5064366736022512
2782,12,5,23,6.27321248542883
2293,8,4,15,2.819279442014666
1934,9,4,31,1.0762143472081311
7393,26,8,24,3.8419446890622266
5691,1,1,31,4.862266124620629
1498,14,9,10,8.355710615937461
8270,26,4,26,4.670610888713532
1469,11,14,21,9.238920104526095
5834,11,0,12,8.58284920155182
2672,2,4,11,2.734638440552366
4634,25,3,32,2.4014558182473915
6156,14,3,15,3.1945782290015607
7280,26,12,14,4.237137039321706
1463,18,3,17,6.251325116829654
9127,12,2,11,2.1167335158415708
8508,2,5,36,5.788371557447359
1328,12,2,21,6.226959092591202
4866,21,5,16,6.9480121831897215
2009,23,5,23,5.950828453366989
9520,4,10,19,8.426545034026386
9666,10,9,29,6.774313971239656
9987,21,14,23,9.320963932593603
9226,16,1,20,7.308316899486208
1165,25,8,37,4.9249919516658345
4679,18,9,28,2.8871612094653747
8816,19,14,10,1.0946863750848128
9578,26,7,35,1.8136255382137212
7706,22,13,11,2.707081669286991
3636,26,12,32,2.9479721715454144
7369,11,6,12,7.6783967321541455
4037,28,8,36,4.47450218262256
6088,4,7,14,3.920855340403273
2698,16,8,20,1.4713079841723502
3063,18,7,28,5.847944916904639
2191,10,12,16,6.51617993206526
5932,1,2,37,8.900716744048164
8175,5,9,25,5.525578511706327
8605,20,0,29,1.0694814516372109
6792,2,10,17,1.5875088198208276
6554,14,5,35,3.439048050892521
4457,17,11,33,2.2526702522995055
7675,16,13,13,7.935286682255471
9512,14,2,21,1.9707128301061867
7031,1,2,27,2.4470513446452666
7888,4,5,32,7.001086273106934
5970,4,9,23,3.1566553164549953
2740,8,11,26,9.721728918718213
2114,5,8,21,8.76868928084351
2464,18,13,18,7.700861545824714
6753,9,4,25,4.088228214851016
6537,26,0,30,1.511019768720622
5794,18,9,19,4.027608624569692
4663,18,6,29,4.390568741312402
7811,15,13,29,2.146895298126466
9106,11,8,20,2.0857672389321404
2442,23,9,37,7.012974970073184
4470,8,1,37,3.0916218294396702
8066,2,14,18,7.10209634219013
4710,16,8,10,5.934712130164274
5978,29,4,25,9.113174648433986
2429,26,12,13,8.174528899340748
5968,23,0,31,2.362348293933569
5886,9,14,17,6.491453929870531
1908,17,3,11,6.878140744169431
6691,6,7,23,8.758490476014357
1630,6,2,33,6.768610863760097
8159,8,4,18,2.266427957883079
9142,15,1,33,3.326043059612294
2291,23,4,23,6.73839058384345
9240,10,13,23,9.207481369542993
8909,8,11,30,9.023760701292959
2755,0,8,21,4.2326752663789735
3229,11,11,20,8.476059787484125
3167,2,2,10,5.601591082083846
2811,19,6,31,5.179084957199891
7914,18,12,10,4.157984232289542
1769,7,5,20,7.103825147478703
2499,6,1,29,6.3963785184336395
1277,4,13,34,4.37197451984097
9994,4,6,24,7.865543684225194
4308,19,9,37,4.414109327173428
9845,4,3,30,6.259485649144731
9435,11,13,32,4.531446190808979
9122,20,5,18,2.051889993666286
8203,19,6,29,2.4507493809126433
6065,4,8,30,6.910649850784207
2952,22,6,31,8.30101050273033
2156,24,2,26,5.216166680488925
5055,6,8,19,3.930284720131343
8441,0,12,24,4.028477332127404
3065,24,5,21,6.378825668869081
4923,18,3,14,5.209205022021569
4942,1,11,23,1.006648349716221
2383,11,9,19,7.943247772536145
2875,9,4,29,2.280861440422843
2795,24,9,10,7.073290734354801
1021,27,0,25,4.097925205704013
7360,27,11,13,6.202023276391066
7996,15,3,14,8.696056388380711
7637,10,13,18,2.388453370671569
9392,17,2,26,7.998716863331758
4770,29,5,15,1.3447760480631699
3310,25,8,33,9.292317225934791
3113,28,12,34,2.814278781263052
5864,11,2,36,8.14972324977886
6748,8,13,14,1.6049844391440649
5958,20,11,27,3.9434357879726667
8202,21,4,26,6.701926557278422
4366,6,1,30,6.929422061074166
9723,6,8,20,7.289286339877067
2376,12,7,12,4.1577316769802035
5310,19,9,15,6.994074050987162
4124,12,3,18,4.856512917364285
2163,19,10,22,6.093279295720684
2671,27,7,36,5.925038408215637
1447,4,9,10,2.5132587954552674
6770,24,3,24,8.619384337004078
1025,13,1,29,8.804270305980364
2573,15,8,13,2.8335282453095383
7788,12,1,37,4.7488013861128815
1196,25,0,32,5.183881933653703
5207,11,0,11,5.940298151121613
2678,0,13,25,1.2004534456673706
6994,7,12,33,7.829336211268645
6590,7,2,15,8.757624766819255
4218,22,9,29,2.279744900019023
8248,21,6,24,9.069660565944954
3001,26,5,28,8.658209947692612
1022,14,11,35,5.880310749973674
9147,2,12,37,3.472585390560844
3328,28,14,16,2.8674070685231605
7303,26,2,34,5.4021289857613475
7427,7,4,20,5.564837314995774
3138,22,9,27,6.866815109018294
6747,23,5,17,8.214737093130974
1492,17,9,11,9.410498829684075
5579,23,1,36,8.166528044768677
5235,28,2,21,9.181407902824935
6995,6,12,31,5.494316494780273
8506,28,3,17,1.349961345271058
6529,21,7,10,1.4664716245596192
2636,24,12,16,3.4163877309834754
1938,11,10,18,6.525875952594605
7577,14,0,31,4.017017350421193
5120,7,8,31,2.495293341353254
7002,28,0,18,8.654455870411192
2491,15,11,11,9.864952947126291
6326,4,2,13,1.149773740247091
9359,4,2,23,1.804816831513155
2366,8,8,23,5.494048799156652
8234,12,2,36,4.039005230495102
4774,29,2,17,8.039360929527884
9331,14,14,30,6.888719835733028
9697,7,1,18,1.6165932897283133
1837,11,3,12,5.9039488978471315
1939,19,10,31,4.028792906452576
5308,28,7,31,9.686013609752832
7488,8,5,28,5.277511439484327
1558,26,0,15,9.348973383846726
7084,14,4,10,1.2715713148671468
9598,14,12,30,1.929471997870754
5182,12,11,27,4.476421341499042
4106,14,10,17,8.982610352700156
9912,21,9,16,5.901436714872117
5261,4,10,16,8.417264723940017
8347,9,7,19,3.5517667023537474
4585,22,0,13,2.003448726783769
6010,29,5,27,3.214349386767965
1878,24,10,28,6.8077307000597065
3494,11,6,19,8.842753892931851
8874,16,12,29,5.094993953659146
8520,8,14,28,2.7425397707605623
9221,28,14,12,6.738508413206731
1678,25,4,26,2.7724057410570744
9415,4,3,10,6.132589320325138
8624,8,13,33,1.9206255041730622
5156,4,6,17,8.300215613266504
7319,22,8,26,8.246499910285639
6726,13,3,13,5.871299482356861
7284,6,2,11,1.3436434559647614
5181,8,13,26,3.5216687451897375
4559,11,9,11,2.244563661376465
4466,4,3,10,5.711102542611571
2447,6,4,14,1.9156087204383885
8275,4,8,35,8.827538553577382
9773,19,10,37,8.65147859539506
2949,28,0,15,2.404882673520891
5509,16,8,21,7.253992315062087
1205,10,8,33,7.2685295945879345
1774,4,7,19,4.570789564633945
1478,27,14,17,2.376991827218431
9416,3,12,23,2.188969500311497
4960,26,9,13,7.655283563358092
2316,0,7,28,2.981596724713687
1014,25,7,37,6.431083820604361
9241,0,3,14,8.792934548844654
8939,13,12,33,6.337894943803123
6220,20,6,30,9.765661069885143
4497,27,14,35,6.809517035459104
1963,27,13,16,3.8314280208808613
6129,8,1,29,8.672205985893946
1122,0,2,11,3.7982113414308496
5757,7,14,34,9.744133415697247
2918,12,14,20,5.299587505547022
9862,8,7,19,9.579223614360535
4043,14,3,27,2.6523841340932517
4272,26,14,11,1.1025865470663936
8265,10,9,23,2.765181663627895
3767,25,10,33,1.8853153127818119
1845,3,5,19,7.605604201629209
1558,28,11,15,3.3809108965972117
7513,7,14,30,6.7552677051064265
1588,12,13,12,7.01791336151751
2353,16,10,32,7.194208063719427
6340,3,7,25,8.49347309136478
5442,9,7,17,2.3406926895316604
2589,1,4,18,1.4541762830147762
9250,25,10,20,1.2673461793375234
3079,29,13,25,1.9341100344759865
8825,14,14,11,4.412669823443249
4715,19,6,33,9.706383448129639
9399,29,0,14,4.179025880087849
3385,17,14,10,5.076306361929901
1309,29,4,35,8.329570480844515
7552,13,2,32,9.267382174775888
2661,2,12,24,9.74297352845983
3185,0,3,16,8.438061022015372
3438,25,0,25,5.522644522431696
7525,2,0,35,3.0652880305232384
5800,22,2,21,6.385302605364514
2888,26,3,28,2.7711554208136704
6088,12,12,24,1.5015225902429052
6992,7,2,36,9.274185416283977
5557,21,1,12,5.36311275324445
5013,16,10,29,5.57416201498423
7890,22,6,30,6.482971234575017
4138,28,9,30,5.062677016951061
4685,15,8,14,4.999874184110979
3218,15,14,24,9.236307858079865
8046,11,10,31,8.348915160640557
4305,18,2,26,2.9133297860568037
2327,29,8,25,3.6259986629850367
6614,15,7,25,6.945603761164183
9748,14,4,32,6.1398272711841875
7680,28,13,21,7.895434183938853
7147,8,10,13,7.548693592469375
4459,15,11,14,7.376924912015894
7373,26,5,33,8.921961197924645
4945,1,0,17,7.898977847937843
1194,24,12,21,3.1856264968585313
5251,9,5,14,8.85553479118191
5205,11,8,20,4.019789846209612
4530,17,6,28,9.198050360212655
2700,17,8,19,8.41842968246008
6840,27,4,33,1.666768506004693
5732,3,13,27,7.941525531393775
4890,1,4,21,5.501027024128616
8966,6,4,18,9.794014824272166
5692,18,5,31,5.1257704240811695
4817,10,14,19,1.6030697295052225
8632,29,13,29,3.6382290676550904
1986,12,14,29,4.87188481586557
9475,28,14,28,6.327259101913616
9954,19,3,36,2.3689520557304276
4238,16,9,30,5.635743645416788
6824,9,13,15,5.351255218807042
8567,15,13,19,8.529963020541505
9770,19,8,28,3.7216261973377662
9910,15,6,18,5.0456569957650315
3595,19,14,25,4.497513972846637
9574,19,2,17,6.6900823368320905
7941,15,9,21,8.525700862045944
7492,26,6,31,7.080617191943641
9982,24,10,14,5.1854409614442805
1446,18,2,20,6.740467255465888
4594,12,2,28,3.900195660810862
3935,22,3,12,2.2968985758720954
5394,19,11,33,3.877461320028762
4146,10,1,31,4.993206093401078
1648,11,7,35,4.953384397023957
7893,16,12,24,7.638411182296274
9844,14,11,36,9.427108248211548
9392,25,0,31,4.5006346233123935
2511,2,9,29,1.778036668957961
9286,8,0,12,1.3007186633688907
1130,9,10,31,1.0355749344843743
9305,11,0,10,9.442901365716844
4161,21,3,20,9.960700162075922
3845,23,0,22,1.4624566980070641
8712,8,2,14,4.223878335339757
4588,23,6,16,7.024106235658026
9890,4,2,10,2.6105085922750844
3295,21,11,22,6.349934693847048
7754,25,1,19,8.322556238555919
4267,1,12,37,8.722777867403023
7713,27,13,29,7.357786094457229
9677,12,9,27,1.7358775955400665
1676,10,14,22,4.135562061188351
9763,8,12,10,9.706084990939898
8482,21,5,26,2.734795569175646
6513,7,7,21,5.085334662142788
1800,22,3,32,4.007592411902386
9314,14,11,15,2.8498445622366377
2869,27,3,16,3.9118247879686807
1931,28,10,10,2.705668064504979
1805,15,1,19,8.895280187004818
8961,9,4,37,2.569989553738163
4986,1,14,12,6.611897515551992
7732,29,9,16,9.48084051529985
2110,14,12,19,9.57381136865086
2615,17,7,19,6.403822012390537
2432,12,0,18,3.4380633094207274
8548,4,1,15,3.2310803018592678
2497,18,0,33,7.727236114886652
2916,0,14,18,9.826365923083753
9276,25,3,32,1.6983548105606465
6896,26,6,18,8.105217232288895
9067,28,10,36,2.10686841608617
9501,2,2,19,3.683668123874159
4070,22,7,13,6.099612867825325
7920,9,5,34,3.6750222759081748
5347,14,1,25,6.852350574520564
6592,24,8,34,4.754762871593401
6377,15,8,11,2.972023597610386
1075,26,12,20,5.778376730689759
4858,28,6,18,1.216087616425252
4704,3,9,12,7.6697051492112305
7500,23,7,36,5.700599794949828
9548,21,9,16,9.520302861954532
2993,19,0,22,1.9251052229799148
3831,2,13,36,7.59063014405599
1104,4,5,22,3.708553545584884
7790,2,8,37,4.358338150101977
7339,7,5,28,4.136380500586687
2766,26,2,37,4.222197260729446
4038,27,1,20,4.877514577693956
6003,5,7,14,1.1890436582697794
7020,14,10,25,8.62081620996582
2486,26,3,37,8.936163484047604
9708,5,11,11,1.3560088143652647
5399,22,14,19,7.984028742317642
4028,27,0,19,1.6504534873509766
5486,29,7,28,8.270322384561444
3914,6,12,35,6.516889496400502
9487,7,0,29,3.7571748550394917
2988,15,1,35,6.5249433907615115
5577,20,0,37,5.559814935780617
5945,12,7,37,6.721793423305321
8397,4,2,15,5.278346001987283
9159,21,8,36,7.955871324918322
9336,19,10,31,1.4074258365261716
4032,1,11,25,4.098540778250017
7066,13,6,22,6.03358073278008
3255,17,5,28,6.294187279612846
9637,17,10,12,2.525904882855729
5509,17,5,18,1.6707664404796523
6921,14,9,19,1.188807584112366
8403,4,0,25,4.717122622626409
9736,1,7,27,3.973484590222017
2154,22,9,13,6.110271940216325
5798,10,10,30,5.045633517135194
4852,19,2,33,4.546612494070753
5851,9,2,33,8.589885337407615
7535,4,2,31,6.593645340183917
3865,1,10,25,6.814906573777561
6188,11,8,27,4.43643743603831
9286,16,4,35,7.991598845028226
5855,24,1,19,2.3687881404834488
1257,21,3,10,4.6180065648078585
8430,28,6,32,1.4245651456175525
5489,4,11,19,2.038936175782956
7684,20,14,26,1.7337327060724976
5829,17,9,36,4.972925184140379
8329,15,0,28,7.275919215285793
9647,7,1,25,3.8142703958438773
3017,3,7,34,1.2394995555134647
1172,3,7,15,7.36487553260238
9774,23,2,17,2.866897604511173
3745,3,4,25,7.504072190315615
2357,16,7,21,1.0661916246534437
7739,19,9,18,3.8110789106024088
8396,28,13,25,6.591076717741785
8513,9,14,16,8.840356934194453
5825,0,14,17,7.787155983153638
3994,21,8,29,5.046577479413805
7309,17,10,14,7.466633225642024
1448,26,1,32,5.8378726655736575
1187,14,14,18,8.320560004520372
5553,28,9,17,7.948589945987778
4446,24,7,32,9.78266952142226
3821,28,2,29,1.9444426087843547
7209,9,8,25,4.066344160168739
2125,15,4,20,2.731391249364062
6497,3,4,10,6.676912752238315
5606,26,10,26,6.976249281098659
4477,28,3,21,2.8342961552694494
8744,23,7,14,4.793973400261521
4067,26,0,23,6.41935200297615
9112,17,11,16,6.930578814694232
5722,20,5,36,1.9238228597126907
4706,27,6,37,9.289655452040739
5541,10,7,33,1.306748035329452
2649,7,3,16,9.756481631975351
3641,0,11,13,3.8469323819689976
3773,21,8,24,3.847110154555758
4840,1,14,36,5.0142339592628575
1323,20,11,16,7.254625239064391
2538,16,2,31,2.4364160531633683
1455,27,7,33,3.294863019961822
7920,19,9,18,9.654154163101675
2361,18,14,10,8.891579292240317
8492,9,14,11,2.911525163182983
2813,29,10,17,6.1571029171074745
1612,20,9,16,2.832415754633174
7550,7,4,32,5.95055131840685
5687,24,11,12,4.29195965511559
8652,20,4,16,4.261822659001055
3539,8,6,29,6.715628665877643
7694,9,4,35,3.266567633503459
7681,19,6,25,4.638336446754262
4335,27,8,35,9.327329644630721
2075,4,11,11,7.798283193925338
7013,28,4,10,4.449550989541347
8573,26,1,17,3.0723567905949687
4557,8,9,14,6.9311046727080425
3615,10,5,19,8.269207170512336
7698,24,8,13,8.746882131602192
6676,17,12,18,6.078531518826098
9048,20,12,23,5.651198713107208
1032,29,12,30,7.476781611997457
6246,23,13,19,2.581901503351773
3843,0,13,27,8.669250418184994
3397,15,8,34,1.6653115404054084
8009,19,11,35,6.427152106416527
8248,23,12,32,6.307241626710621
3738,9,13,18,3.7963208366994836
7690,27,4,14,1.3191657162806965
1492,17,10,32,7.460693850089838
9924,0,1,17,1.2175671083678639
8353,27,5,21,2.616505125300912
8295,5,11,29,5.898131451674234
9086,21,3,33,9.459847286748406
1269,0,3,32,1.5934015784709705
3871,2,12,28,6.20908242659603
6016,25,2,23,3.96003731358275
4562,12,11,20,7.024761743065532
9134,11,0,20,9.576179341967185
3189,23,14,33,3.4173128409013973
2561,13,8,13,9.603342865436288
1743,24,5,27,8.83563670825533
6791,27,9,18,6.4635032424887955
3279,23,10,17,7.824130048796316
3490,16,11,13,8.783992039012176
6702,15,2,28,8.231217687623257
9504,26,0,28,3.940369170793044
9392,12,5,31,8.313436691574395
9194,3,3,11,3.821669570981784
9095,14,12,20,8.803713631059068
6262,27,0,12,3.2991944557629242
9328,8,9,10,6.150347735191711
8760,16,3,19,7.236312800874952
2179,27,14,30,4.832121075240144
2964,29,1,22,8.0467524579927
2804,10,13,12,9.328203145208303
1049,19,2,36,2.676277846600186
6541,25,9,16,1.3009838650310677
9996,6,14,34,6.638647752313581
8656,29,9,14,6.419681763260714
9607,6,6,11,4.071740083149348
8607,22,6,27,8.069166789637361
2638,25,4,37,8.435282938301576
9986,3,9,23,3.9878711228435497
9754,7,12,29,7.140452496393692
3735,18,1,35,6.77822564484917
9007,13,12,37,4.083797572814868
6842,24,8,34,9.722334309033222
6469,21,12,36,4.117620261412022
9969,22,8,11,6.582556209736466
5701,24,8,14,4.421137713789824
8560,3,5,22,1.1064972493378011
4055,20,11,16,1.824746452903505
1085,16,0,19,3.09084698675739
5190,25,11,37,8.309513680420979
9237,23,12,29,4.978583663733472
9073,17,5,16,6.2976129784785675
3083,20,10,32,9.494709153422805
9201,14,7,27,2.3232134052779663
3939,4,3,27,8.756374326629954
9782,14,5,11,4.413124071666736
9223,25,10,34,4.037320021266311
5141,3,7,25,6.629754618421214
1571,3,5,22,9.08774695498494
8235,11,12,26,4.136823211815074
9208,17,3,15,7.852674170689305
2540,28,6,32,1.1731787607303814
5048,18,4,18,6.607914511311874
2078,25,10,12,6.675028025445192
2385,17,12,34,6.004544682458656
1130,0,10,16,9.440403618352827
3545,3,0,14,9.447321519740111
7722,24,2,37,4.07854789126564
8452,14,2,30,5.107278270840794
7791,29,0,16,8.13137995340775
3423,5,3,19,8.595202607814366
5740,23,1,31,4.761719243532176
8481,1,11,33,4.1412393364898294
9985,29,9,19,8.385548767850157
8437,1,0,19,4.3918253955579
4544,1,11,34,4.647089733423617
4615,10,12,15,2.2197738799499565
5090,7,5,28,5.886542237877418
3534,16,6,37,3.9380325890645436
3856,20,12,34,6.315460564805914
6880,11,3,27,5.033881607177408
9845,3,4,30,7.733228164872199
7191,26,8,24,3.4999558498645618
5442,0,12,35,2.547996029265492
6413,27,13,22,7.326637846969708
3410,9,7,29,4.457144825921645
8656,6,13,11,6.072432175323089
6143,15,12,31,9.469618623110215
4609,16,1,37,5.356843254803676
1681,5,13,19,2.37152916322009
2118,27,9,32,4.840331618714204
5476,0,2,11,5.306778782490654
5748,10,8,12,7.8938056979013975
3974,12,4,14,2.756694299469734
6855,12,0,34,4.122115906090051
2302,8,8,24,1.4502548760791705
6284,2,7,16,7.3178013826738475
2900,27,9,24,7.695391095096876
2082,1,13,37,5.114722319224814
9633,22,6,21,5.844417927978933
4783,0,12,12,7.748324544085548
3641,6,6,19,3.4147128742654336
2800,24,7,13,6.462687573013705
4349,19,10,16,9.675274129164555
5682,9,3,20,6.921710365709829
8989,1,6,26,1.7029912304922752
6013,3,7,29,3.6123406245661536
2102,24,10,24,5.672139451869907
1433,15,9,26,1.6540369001616322
9668,7,2,23,7.089128306931535
4933,11,1,30,6.887909793456254
7544,4,1,37,8.886913215642677
8936,23,6,21,5.49993509338789
4213,22,8,27,7.229246947898362
4310,19,13,34,2.6381638778775405
8734,2,12,22,1.025827234204179
4563,0,11,28,2.550285949242305
1383,13,7,14,1.5599313847631493
1862,29,9,21,4.849462223733552
9459,18,9,17,5.21473003537251
6518,23,6,17,6.800254277587303
4489,24,14,18,2.2669467977971958
6499,15,8,37,2.932444877465702
1989,8,3,28,8.184935463018537
7989,4,9,28,6.188702453012693
8047,3,12,13,1.2642723431603964
5678,5,14,15,8.635642050915283
8269,11,6,32,6.6682503840196325
7023,13,4,37,2.6797519579283695
4367,22,0,21,3.268591671312296
3568,13,9,10,5.981926724427184
8227,5,3,27,6.047210633734022
9021,4,0,28,8.246697975463402
6921,28,0,26,4.227243743560049
7051,1,6,12,5.943728318972729
4966,2,2,13,6.242841806484021
8845,8,8,36,6.0280877595399645
2886,6,10,23,1.6561526083995923
8704,25,14,15,4.701275869904937
3879,11,6,14,4.049957091603588
1160,17,10,36,9.934999464153405
9516,27,5,15,5.191197071388792
1637,12,1,22,4.917050881214915
9476,0,4,18,5.353188097803035
3042,0,7,26,9.273543237724263
8609,0,3,24,6.5030846917098195
1084,29,13,24,4.502290487392473
1737,21,7,28,9.213196568956162
5784,20,8,17,9.368586474103564
7382,6,7,18,3.37881460478736
2487,27,5,36,4.540564829385854
4436,20,1,11,9.698128030435127
1703,8,7,23,5.869438199759975
5269,0,3,35,4.8857056992158485
8098,14,0,23,2.7586408174798045
1724,24,12,14,4.459949557701563
1090,11,4,12,6.681112522488516
2769,3,2,19,1.3483103265142802
1676,9,2,11,1.74975658101694
7570,22,6,22,1.0483876452138432
5204,17,11,37,2.970346010712224
7689,18,0,20,2.6469351897941675
5796,19,2,20,8.657269128662652
3374,4,9,18,2.6671422035062378
4522,27,5,30,6.950629232772585
5780,1,13,18,2.0652322060483863
9872,6,7,21,6.342037932420804
7067,5,5,10,4.920581365334453
2291,15,14,29,4.678013041542897
3685,14,10,26,8.709057034161537
3319,8,3,14,2.509475201191316
5354,6,7,21,6.356963424454998
8066,9,9,20,8.39677650301052
9429,25,4,30,7.425071402449971
7079,29,9,25,9.850112390304947
1303,1,5,16,1.0189528882234846
2626,2,11,32,8.959233830653186
2253,18,12,17,6.521062206284404
2998,23,0,31,1.022360775887146
5259,23,3,35,5.189444392361567
3401,2,10,28,7.906936394251063
3749,7,3,34,2.6429202559970575
8296,4,11,24,7.106294633611558
6061,26,11,14,2.25701578298905
7852,28,4,18,8.23107194910681
1860,19,11,30,6.116170314891139
5933,11,0,28,1.3049798739893137
1480,10,3,22,1.8178813674274297
2971,3,10,16,8.77478544702139
9299,3,6,34,1.2970127535020597
6820,0,5,10,3.6868833900483375
4913,26,9,12,6.102206988175858
3162,6,4,16,2.9209580233807495
1546,26,10,18,3.018089491617008
7815,25,0,13,7.984306104856833
3686,25,7,30,3.6189512588084414
4885,19,11,17,1.3472465452869251
8715,1,4,29,7.490096200056463
3118,0,13,27,9.589293625373667
9585,18,12,32,8.487405789482764
5633,16,12,11,5.937058265275584
1175,10,13,23,4.823953777367882
7156,4,7,15,9.326486537990611
5765,5,13,16,7.896028944863839
5319,26,10,33,6.1359151711150295
4525,21,5,30,8.918400870221301
1483,5,6,10,6.415411271299943
7337,22,14,25,9.761542008418958
9503,16,9,12,8.724614304655923
6405,19,9,35,5.954007076259553
7710,9,13,34,9.305525886536344
5825,9,0,24,4.0819505831567655
6336,8,5,31,7.308343192213888
1517,25,2,20,2.54148042524281
9455,27,2,14,9.058284235525011
5936,17,2,26,3.2324513489975706
9407,12,5,25,9.541292604640125
7469,7,7,29,1.1529231161273068
3599,10,11,30,7.136532070627599
5687,6,2,27,2.3505055273140067
5439,6,2,14,7.937303249668699
6927,28,4,28,5.427153372641983
2127,2,5,17,9.186852273077518
3361,15,5,35,7.435622887430295
1346,12,6,23,7.914393897836471
8113,17,12,20,2.0843143226217036
7965,17,6,24,1.8690508930358851
7962,11,12,10,8.655019346680298
9841,12,10,29,3.0319645922426797
9456,2,2,21,8.802476434712606
1377,29,13,20,2.282843237298798
3941,2,4,24,3.776061525884286
7937,25,0,18,9.358648563341992
7305,1,0,21,8.557460497733256
4810,6,1,10,1.4881837951496353
3074,1,11,31,5.032877592566473
4666,5,11,31,9.188810579292495
4377,12,1,36,1.132820579126026
2834,10,6,11,1.9658753809134015
7343,4,4,26,6.806762965409981
8220,6,12,10,1.9448513461207877
5175,10,2,19,5.039544260263693
5889,26,6,22,5.570405037251835
7199,6,11,24,8.742286571563346
9380,7,2,14,9.616517382583153
8667,3,2,20,5.610078531527309
4505,9,3,30,5.59324289534484
4220,28,4,36,7.541158046406137
5832,20,14,35,2.7325595498329767
1703,25,7,16,9.467726865758037
1839,28,8,34,1.0107903200785295
3565,19,12,13,1.0161448306505914
1533,28,4,29,6.630997256230125
2341,14,7,36,4.073362230526914
2621,22,2,20,4.58303716268251
4695,14,10,16,2.992934582716002
7808,18,6,23,4.670221576737344
4537,9,2,34,8.451848290804207
6960,1,11,16,7.293245033712575
8029,15,11,33,1.851883802587604
1672,19,9,19,1.5101185478244208
1362,29,2,25,5.555735177291724
4079,4,3,16,7.57144867029734
2383,26,1,34,6.980401621867764
8799,16,6,31,8.777032243359276
9332,2,5,20,2.199381560728543
7460,7,10,34,6.45177373190002
3287,10,2,28,7.894130925970024
1628,4,0,13,9.440567092271106
2649,16,11,34,1.9079473364622475
8477,3,9,11,3.156776656496076
9347,23,2,37,4.191322889465756
5308,28,3,25,5.866753825468374
3844,7,9,11,4.677509749657456
4260,1,0,35,8.75005555613657
4315,15,7,17,9.554742440938405
9008,8,1,20,1.630707906449914
4783,25,2,35,7.297125690768853
9236,16,12,15,2.0284598687392847
1592,9,14,30,9.081596385431858
7870,23,4,27,2.2788868910068922
2998,23,8,26,9.923600876941014
5237,12,5,28,4.849751907408798
7872,21,2,20,4.437431943856786
4056,16,2,15,6.276524359237719
6265,11,7,36,4.549207928431093
9819,28,3,36,3.1122424601112817
1142,8,4,21,6.662294597748031
9100,14,3,21,7.555272387040611
7847,9,10,21,9.507894446823453
2620,18,8,14,4.6820674682115575
8460,29,7,15,7.351956419772584
4641,16,13,24,8.502431648877412
3056,6,12,36,8.482454342812378
7726,13,6,16,1.308431247218081
4262,12,3,16,4.2013208802896775
8998,25,8,12,1.1207652324964847
7563,20,10,36,6.031719286530689
5359,1,7,35,8.785813834903744
1601,15,7,33,8.33426230184504
6615,28,9,17,8.301246154357006
2068,16,1,20,4.166523980537374
7057,5,4,28,1.4169668933863866
5365,0,5,31,2.5517594948836204
2897,5,5,34,7.036222231073573
3423,0,8,10,2.2045851502033984
2988,22,3,36,2.1279553097835464
5788,22,6,11,4.183077152014527
4572,9,8,27,1.8508134513658694
4890,19,4,30,3.9680572793061297
9140,22,10,31,9.727233883523029
8629,28,5,28,1.1795599790628803
8088,23,0,29,8.474885264965284
3127,7,12,35,9.942594967129343
1001,27,6,37,4.927647467058902
5170,27,4,22,9.48749831868744
6079,15,3,27,3.3503038162962655
6340,11,2,37,9.840675711242943
2805,18,0,28,8.753961798488652
7395,29,4,37,8.962278130385787
7613,13,2,17,2.173585229333053
8470,7,7,24,8.830561760608937
1895,28,11,30,9.476406916036565
4104,18,14,27,8.371431811899958
2382,28,12,19,1.8222762092237872
5842,26,3,24,1.7629896916492687
5113,14,2,19,4.218453942639265
1216,4,11,36,7.34433100577974
2380,16,0,27,1.1120754535044928
2311,27,11,29,9.555811715772649
3979,22,14,34,5.7290433950209
4903,13,9,15,4.22535198415204
2567,14,1,10,6.051060362714904
4692,25,9,23,7.442075770064323
7963,7,1,36,3.4595117895927086
9840,3,0,29,3.620112825050768
2131,6,7,12,5.213591649211171
6663,6,4,10,7.0293765390416905
4209,21,1,31,7.357333014296153
9917,29,7,19,3.9165097548127625
1068,4,13,26,3.9024240350338055
3826,9,9,10,5.38397871555771
4769,19,14,25,5.877295305394799
7427,4,4,32,6.844727214453445
6463,22,9,10,6.5593871352990245
1436,23,13,36,4.352660956060209
3665,3,4,12,3.671981112398487
1807,20,1,14,3.771290720181525
6823,10,13,28,6.808609519331265
2673,5,7,31,4.898327989432152
1554,14,12,23,2.209144260670701
9107,10,12,23,1.0533075321362741
1623,24,2,34,1.267096276591007
8608,25,3,27,8.807647123891549
7990,21,4,16,5.120444902424245
8741,6,9,29,6.916844835937699
4437,23,8,20,9.361337465159489
7380,18,12,31,2.136518686687184
4516,4,1,19,5.028543058440192
5908,3,7,21,5.851606571907832
4772,0,4,19,8.573814165103986
7361,15,10,15,9.943465821594657
3909,11,8,17,7.405106379920418
4906,19,8,16,6.776506926941996
5837,17,9,22,9.282812764365051
9476,19,11,30,8.536428216551016
1621,1,14,32,8.785397480901173
1430,12,2,21,1.024351522033307
4652,11,11,21,5.629888823828651
8230,3,8,31,8.044557106467895
4922,3,6,22,2.6331141022812963
2381,12,13,30,7.7630706244275025
2571,26,8,18,1.0824413648714164
1331,2,6,29,6.176500220122696
4671,20,13,37,8.661953079940071
7840,24,7,16,4.882135224028117
6277,16,3,25,7.655072749443738
8053,6,13,32,5.773588029197825
4878,25,13,28,6.825618805782558
2396,12,4,33,5.650011242879709
8379,14,11,34,5.2825306893931
2379,13,5,20,8.574639216518907
8539,15,3,14,1.8346886703017151
1726,16,13,26,6.261861568159279
7562,25,12,10,2.033294390180217
3516,15,7,14,6.0652712048059145
2404,27,12,11,9.672364384135502
4941,15,13,11,1.5138810191016883
4882,27,4,21,4.798061228767537
9958,0,2,31,8.217740802484723
9562,13,0,14,4.327224115332781
1861,1,13,20,5.682832907176009
8278,25,0,22,2.0323702619330337
2203,21,12,27,3.007659477154526
9787,26,13,23,7.177826849056981
7227,29,13,14,8.45728798613134
1813,8,12,20,6.8181071469929755
8007,18,7,13,8.532287915307062
8996,4,2,31,6.450917204567779
2464,23,10,26,8.291873880418445
8256,9,9,23,9.845981208432516
7910,5,3,37,1.745422607241471
4332,2,6,12,5.316846671167388
3402,1,0,30,2.7090339971745028
4604,28,5,33,5.1870569285315815
3659,18,0,11,5.496280703486694
1324,5,2,17,6.597291485851759
4040,20,3,33,4.9536818828487235
3286,23,10,25,3.922411849859812
2058,9,14,15,1.3885146585321033
9506,17,13,30,1.3131418033268139
2577,13,6,16,2.5750751661638316
1638,27,1,31,5.040877687495237
6849,1,7,24,4.757644326321678
1356,3,5,18,2.716259445750715
8253,28,9,27,8.40105614601723
8216,14,1,21,7.1514389049563745
7617,24,13,15,4.088484834257004
1296,20,13,36,8.172707968098688
8272,22,2,21,9.90321314987347
7704,22,3,16,3.205381814004761
9655,5,5,24,4.263309152533488
4505,27,12,10,9.936084269009905
6786,5,0,24,2.240943141748846
9405,8,4,23,1.6946898699355455
9037,19,7,34,5.688920442771254
9898,17,11,22,5.215861925358692
3202,22,6,33,1.7045987228122153
1006,21,13,30,3.6103242071915345
4052,3,10,23,4.770429969290262
4194,0,2,24,8.399886594072727
4521,3,13,30,7.3705811873852625
4747,21,10,18,9.230739746135706
4897,26,1,27,3.9924994327124743
7096,2,1,15,3.7844058025045038
1557,12,9,29,5.1686353070000814
2789,14,4,13,1.0677532321641117
3868,28,7,17,2.865880792737458
1154,0,5,28,2.9032399919449636
6912,27,5,20,1.5498102979850954
8179,15,6,17,5.096176207513132
1187,1,0,19,9.149681847760707
3064,5,2,14,1.0362737488103808
8797,0,10,11,6.655732000410313
5236,21,4,21,8.913994460621412
3862,16,14,30,1.9676899235791918
7274,16,6,29,9.255324548150966
4017,21,5,34,8.366694791182873
9081,28,0,15,2.931142104224831
7652,0,8,20,9.148092180347431
2187,15,12,28,8.236142076239576
2915,27,2,27,2.0025018364191993
1987,8,11,16,8.475395026197857
7576,1,6,26,5.8796464482944
8844,24,11,30,8.34363917651122
9981,20,0,30,6.558984971797612
3708,4,14,13,4.526713076333117
9681,25,0,12,6.410264225792465
4968,7,10,34,6.72562666597194
4834,0,0,13,7.895855328282232
1007,8,12,23,8.476135826839831
3930,13,11,18,6.968896019902425
9964,16,14,32,9.906833881612155
6247,4,3,34,8.00695844962506
1818,7,0,27,9.196884989548773
2006,16,12,27,3.8754490002818476
6036,20,13,25,3.8460468890133077
8074,28,0,37,4.261015685947313
1543,11,8,21,4.957446604057472
7549,18,13,17,9.65260121524349
3096,7,7,37,1.6617809740808598
5091,28,4,18,5.485992217242507
1778,18,12,27,2.4504446946414222
6702,11,1,15,8.298040288772842
3115,7,6,23,1.2802984120986673
9359,10,11,15,5.096298314489985
3977,10,0,16,4.5526692063362635
2898,14,10,14,1.8296289100071266
3151,1,8,12,4.390470552354907
1725,25,0,19,8.281274482230819
7461,29,2,25,2.237271880368732
3725,2,5,20,9.851551806718298
9733,28,3,12,1.5260891061719377
8199,0,1,24,3.6019249584160393
6235,0,4,21,7.974092027779576
2432,3,9,31,4.217691545600433
7649,20,0,10,5.323181404641286
8766,29,0,22,2.679926602872268
2547,18,14,25,7.439462939406492
5360,17,10,33,2.615874516194336
3980,0,5,16,8.638579873760833
1272,18,10,16,5.855495907664387
9098,0,8,15,5.9334114607805075
7642,25,9,12,9.401604330178538
6102,9,6,21,7.956996231291095
1368,21,9,18,7.688255378211317
7109,12,3,35,8.722361495898365
9568,26,13,20,1.826355554245963
2083,18,7,15,7.534399266524276
1771,27,0,21,3.098871217922292
8619,19,13,25,3.528517066558951
3007,7,12,31,1.1363152350829817
4970,25,4,31,9.043489569210214
6256,4,1,31,7.652016388972155
7922,10,10,15,2.2535841802196197
9159,20,2,21,3.9513088298420094
2278,7,9,13,5.319395803573007
7631,25,3,27,5.445197040184211
1737,25,0,26,6.360885466692728
4439,27,4,17,5.249653387556843
6217,13,9,22,6.837807841018714
5120,11,5,14,8.95483716381491
6693,10,10,12,4.582652996985851
4780,12,0,34,8.890398274517725
3472,9,12,28,2.9764919440178046
8096,19,3,14,2.092431925560436
8402,28,1,27,3.1546116695040407
5743,7,0,15,2.8593338952548524
7269,9,13,18,9.865711751046163
7751,20,4,26,4.429483538004131
7982,5,11,20,6.863259420412159
1549,0,10,24,7.264473876895625
4219,8,0,28,5.006877604581499
2530,3,13,25,3.012145613094225
3126,0,7,35,4.942882121398434
7118,22,1,10,5.263847976757949
5635,9,4,24,9.586069209284942
5574,19,14,30,6.117613345324981
9304,20,14,14,9.728853448069463
6810,26,2,29,6.190413841221534
3839,6,5,14,2.3049821404683097
8393,22,5,25,4.459389744025044
6192,24,7,17,8.13081993343689
7582,24,10,33,4.7946004108755185
4075,6,4,15,1.8976046035745606
3791,27,4,21,1.8646854452927
1057,25,4,13,3.1335828045228578
8948,24,8,25,6.082946052898789
2756,4,1,20,8.471394793897101
7298,1,2,22,5.803414739532406
7253,8,14,29,7.7147234800551585
9550,5,3,24,6.81033793199967
7009,21,12,30,5.716892666287745
1763,8,6,14,2.9332713456279564
6312,14,9,22,8.948516857197781
7998,12,11,11,3.481438574322575
1528,14,0,21,3.275379369598901
3446,0,2,15,3.3201786205381105
2929,14,9,32,1.8611690352215011
7095,17,6,12,5.487886368141664
3276,10,7,19,3.947772589385612
3971,2,1,29,5.697477829554048
5386,0,10,34,5.078038430253428
7602,3,2,13,5.6781262523501566
3102,1,13,19,3.678880166989567
2743,15,6,36,8.336243017234858
8731,18,12,16,5.807737008247199
7897,15,6,27,2.875912020630507
6819,11,2,30,9.116233302257633
8489,7,9,31,1.9850959075029024
1439,26,4,23,7.600910328114698
5185,3,6,27,7.106035642936962
1167,15,2,10,1.6557303031321955
3450,8,7,34,9.113568538109046
8136,21,11,32,3.846811796035962
8030,14,14,33,7.668055140531417
6475,11,3,30,3.4930142726575832
2733,16,10,30,5.731225688327916
4377,21,13,26,9.751002524308765
7802,22,6,12,6.496987688813624
8953,27,1,24,3.6669048531443735
4482,14,4,23,5.125394317669688
8776,3,5,16,7.084370359733407
2835,7,12,19,5.006700059644518
6181,27,12,34,9.196737061288335
2457,25,0,17,8.80714662756841
6940,2,10,20,2.321291592644712
3506,6,13,37,8.064468046570548
3101,6,8,14,9.481734207628937
8917,14,13,12,3.8521740193749068
3758,19,8,34,3.1439774255904256
9526,16,3,29,1.086298716761915
1357,27,4,18,2.040916919902364
7571,9,8,28,9.648217638624295
7442,15,14,16,4.520094649637836
4839,15,9,10,4.486073855127843
7814,25,10,19,3.4001102619529453
1899,21,1,36,2.4765301961568147
1332,14,4,21,5.579111718534369
1806,25,3,24,7.508688909258197
3141,27,1,30,5.957158002410542
1018,27,1,34,1.319052132566913
8363,11,13,36,8.231226768673004
3112,6,14,34,9.384347365248628
3855,2,8,31,4.963390667266788
2227,27,9,20,4.298180975196946
5819,20,11,15,3.0686860950039865
3032,23,7,12,3.716832698535519
4830,22,9,37,6.800027568308621
4563,1,9,18,7.93131515076587
7655,3,7,26,3.9899416271260564
4307,22,7,32,4.057053610401579
2712,29,4,28,5.059911877321507
9796,26,13,11,2.5318249886772506
4240,24,3,30,9.34487369359364
3156,22,9,14,7.349104616081063
9348,7,12,27,4.902250854470059
2664,9,2,21,2.1004526070004976
8458,11,1,33,8.639429934022012
2735,11,9,24,5.3534291047912355
3181,8,4,23,8.171945956471117
5750,10,13,11,1.3005467852576402
4484,12,7,33,3.4628868665375934
9150,0,4,31,6.598858390222637
2114,2,6,19,5.39130989104902
8785,21,4,29,3.655647801789678
8771,23,9,12,2.8101721372823665
4839,10,8,18,3.716319962354343
7689,29,7,24,7.6810546078912285
7386,14,7,31,2.6533661545117493
3444,6,0,30,6.344318868779867
7026,27,4,35,4.813127500893943
9369,15,8,12,7.867341134746675
7676,5,10,28,2.814566703570277
8739,19,7,15,3.4308061861312056
7188,23,0,35,4.588187787179635
7697,9,8,29,2.4991804783545732
7046,3,9,13,5.1507529493026984
5478,5,13,20,4.744457273351421
1707,29,0,17,9.9107698985264
7950,11,4,27,6.344773383502785
8397,2,14,31,1.6251582259643245
1017,27,9,22,5.139474827653302
4689,11,14,24,8.906513776688397
7306,22,0,25,8.800908286502835
6151,15,14,34,9.656246978838238
1121,11,7,12,9.048077801679172
3486,14,10,14,2.586697313629199
1734,21,1,36,1.0321324704376331
7269,22,5,16,6.546274203125065
8827,20,1,10,7.321999301559547
3407,20,1,17,2.180909350009685
7849,17,0,15,2.5015176927836826
8526,15,5,13,9.667689070498307
7871,5,4,20,9.494499292707328
8005,16,3,15,2.412743938297102
5132,22,13,27,3.2230756384000974
7533,2,11,29,9.029022958197334
1437,17,3,33,4.914939975700314
8664,10,8,29,8.1826536327519
1174,22,10,30,4.563874276833708
4374,24,1,11,7.6274462377728565
7424,16,9,28,4.571432227480786
9611,5,6,28,9.09261185432106
9182,23,13,27,3.9301541113476888
4049,17,4,37,5.708063187947159
5025,4,14,33,5.695803169544895
4882,15,13,20,6.839842407555493
8446,28,9,12,3.760300401068569
8232,28,12,20,6.783944565384848
3364,27,13,10,2.2693223758998773
7473,19,8,11,9.042521709809177
5181,9,3,33,2.2975613880501804
8406,27,5,10,8.562654413005173
3623,15,14,10,7.2383326244542685
7004,2,12,22,4.06960365265725
5299,9,12,36,3.946899141356321
1550,23,1,10,9.694405666740085
4723,17,0,19,2.754854760013194
3095,15,11,22,7.506628888897289
2842,16,0,17,2.653140702307352
7535,16,3,31,9.148577685584815
6327,9,10,16,7.677451044112854
9675,4,8,29,9.394342196625432
3943,24,2,21,8.911969413561117
3667,3,11,17,5.945489952695656
2121,14,12,22,2.3700619835909045
3017,15,2,11,2.993135626358553
8788,22,14,18,2.8163608646725447
1601,17,14,29,2.9857549845233953
4146,18,11,26,5.287727305728631
2052,9,11,27,8.810141270314707
7973,10,6,33,1.2080314456451124
1522,8,7,25,3.1463236593476323
7216,4,10,18,6.3712268298969565
3265,5,5,14,8.787911331319897
5213,2,0,29,3.6773234814154887
2210,12,5,25,4.442744432681266
5351,5,7,35,4.360828687430548
9404,10,4,22,3.6432429663692436
5167,28,7,32,7.288863647578251
2833,15,11,11,6.902332502055936
3870,10,0,32,8.589475090090813
4025,9,11,21,9.258196421522864
2285,15,3,18,9.104282182829625
9175,23,14,11,5.861447540908437
9951,13,11,21,2.671277161820638
3479,15,8,33,2.9994584458506472
1209,25,9,31,6.312284186148362
2242,16,4,15,9.26558366485847
5012,25,12,22,5.773882920082333
2978,23,9,25,9.421556902901015
6899,7,11,29,3.36025016127042
4155,22,9,34,1.7771209997956054
6138,3,13,17,8.1666136547565
2403,16,2,16,8.914452237456352
6508,9,2,37,5.032731309278424
7034,1,8,24,1.9219979591016818
5088,11,0,14,1.380945650758259
8676,28,10,30,1.5630212403624801
8435,25,5,27,4.9520301362482915
9612,18,5,30,3.1133349184472663
5175,20,9,28,5.157309128560822
8486,18,14,22,5.39640552222419
9046,29,7,32,5.122835668678389
9425,28,13,34,6.579301662915802
9501,7,7,25,7.114634067480437
7534,5,0,22,4.563508562106742
1801,18,6,35,4.03328540951269
1524,17,9,37,4.315611559931927
3760,13,0,23,1.6316337705734858
7948,2,7,25,3.8946767760519734
9613,17,4,31,2.7992138155888124
9420,27,1,21,3.6175615485725503
9129,18,2,21,7.429573906368202
2490,24,10,20,9.896845912084835
1722,14,13,35,9.311976703083586
3316,15,14,37,8.39462783074687
6012,16,8,32,7.634773600544567
5267,2,1,37,9.504438842809533
7939,22,3,32,7.768376612230527
7072,17,6,16,5.238592034178998
8808,12,7,13,6.412257331453013
8687,11,10,15,3.7520647398134184
2996,18,2,32,1.0297750400827552
5345,21,9,23,4.18251604898497
7210,27,9,35,4.643468664417816
2946,1,8,23,7.597829418294543
3833,0,7,21,8.732984536206441
5476,9,5,24,9.663892460824743
8979,17,13,20,4.166125780206288
4681,26,11,13,9.616572427286005
9830,11,7,34,8.194470010242147
3043,12,14,20,1.2775993996214803
8252,3,10,34,6.357347623331219
8597,20,9,21,4.290776197975843
4626,0,7,29,1.3061008832942536
1239,3,2,17,5.7835277457787395
7183,20,6,33,6.263353727977322
3871,19,7,27,3.2700767934843777
3202,17,11,15,9.458917758621212
2171,16,5,18,6.494088134527329
1717,19,5,33,2.583672880334889
5920,13,6,26,7.491311731315391
6131,1,12,14,5.4922559827080635
4824,13,12,25,5.259106408783554
8702,9,3,22,8.510799365056473
5203,24,9,22,2.243618186124186
8851,19,12,30,5.4188806435495405
1038,29,14,18,8.026867491546522
3781,2,14,11,6.943495949732889
1047,14,9,30,1.0487229170727947
3394,6,8,25,8.087055329298487
6975,26,2,10,9.502047233521933
4549,29,6,17,7.342019513575926
6666,14,8,33,8.883108324051015
5863,18,7,11,4.247305470650558
3852,25,6,19,4.1554283121237
1935,11,14,22,3.8877807704844227
4056,23,12,10,7.614724842559019
1783,20,4,12,9.478593609891105
9081,3,1,18,8.96860694181527
6121,0,12,32,2.351925106508203
8220,4,1,32,6.634969614860806
2753,8,3,35,9.96362451574595
1982,7,4,13,3.6583157570127334
1959,13,11,14,6.713063137134135
8000,13,3,32,9.159614471937909
8444,3,13,11,9.095933260997443
1643,24,10,24,3.8932775400392985
4678,6,13,12,1.845324234387421
4895,1,1,28,6.814080631638031
1259,10,3,20,9.52270748269117
2155,6,10,16,5.571853550732154
3102,19,12,16,5.119366551715508
4359,28,4,36,8.77553566567568
2403,20,3,31,4.821370111668214
4385,16,5,26,7.128358338996404
1456,26,12,35,4.4977812196441365
1244,14,9,36,4.394237435859307
5873,29,6,24,2.690268088073482
5356,3,4,17,1.7960650327252778
5252,1,8,19,8.966446083226263
6385,8,12,24,2.6309784181247546
9586,27,3,35,1.5599656196755163
4124,11,10,29,6.240772980579592
5407,29,9,33,5.913970734773729
7390,23,1,16,6.109810329753025
8124,18,10,26,5.212943992904399
1963,22,9,32,2.2774271699632136
1603,22,7,29,1.18823349789611
1732,28,13,30,1.4177253450198704
6836,21,3,22,9.488324312518227
7769,18,3,15,5.786688328535712
6530,24,2,14,4.597488419349702
6506,24,11,25,4.697486345411191
2468,21,8,37,6.8697581337244165
8589,2,3,11,4.389964998347636
2915,19,1,33,8.168131598359695
4396,4,10,33,3.339486255418252
9831,8,13,14,4.305332165333983
9464,18,0,14,9.414971341216756
7474,8,11,21,3.3425530677816186
7883,20,0,32,6.954273076399061
1808,21,7,27,4.28110548510862
7637,17,12,30,5.24077402646434
3919,15,12,10,1.4066945744330908
2132,1,0,22,2.505105010061303
9943,29,4,29,1.9172150574272795
1504,27,12,21,8.602436329579039
9370,11,12,17,9.655221324002387
7325,17,7,10,1.6117715288166714
7801,22,13,24,1.691611931748227
3144,28,6,19,5.969520477879036
1208,26,6,10,5.536314322980747
4959,10,13,23,6.855149195015021
6544,21,7,22,7.631252519468929
1043,22,10,29,8.174975191204833
5841,28,2,19,2.34175042220536
6660,2,4,14,1.340521563137357
8896,19,1,18,9.002429853978079
3589,26,4,23,5.225868043424029
8415,21,12,30,9.741198938688907
5315,2,4,10,5.794925366821028
4017,14,1,24,5.590246379506649
4745,11,9,36,6.606814230215263
2911,29,13,28,2.531295833881409
6565,0,12,29,3.2863645453477255
6263,21,11,16,9.152258137513453
5124,25,5,27,2.910949749899532
9953,10,0,13,3.09673748785011
5216,25,7,33,5.58985746412759
9206,1,10,30,6.770362182005375
5919,28,0,15,1.0081347995326717
5567,22,2,12,5.111030715319027
2705,28,14,13,4.591118130046673
9083,20,13,34,8.790572732888997
3734,13,0,11,8.557277203329622
5097,0,13,12,9.153311068077732
2055,24,1,27,8.578455494382686
5974,17,6,11,8.080402272914615
2333,17,6,36,8.731044647116896
8977,14,12,34,2.573258719904639
6789,25,10,17,4.067641825158847
4336,25,4,16,7.152564924729499
1645,3,4,18,9.308178627110491
3816,1,13,33,7.002178894215611
4468,14,6,18,2.87154013969908
3821,12,9,11,9.501985574376004
9802,9,10,16,7.843076235399936
2180,14,14,34,7.448893805389971
5289,5,11,22,7.86255955580017
8674,28,9,34,6.932302217645586
8751,20,4,17,1.199013253850283
5520,9,13,10,3.2825643367540875
2830,25,7,12,9.609146559636867
3590,2,2,17,3.5974385208091912
9204,12,1,28,7.944638360397873
7214,17,9,13,4.8203557336821685
4122,5,3,19,9.167749442661073
5672,13,14,27,6.019021491190336
5652,17,6,28,6.686973971691327
1624,10,8,30,3.1566265075186926
3027,19,2,21,1.5177106579880553
5660,14,10,20,7.809006641364644
5536,20,2,15,1.6087896054763537
1143,12,10,15,7.496183721872113
4829,15,6,32,5.999435757656422
1271,26,0,37,8.3802134166117
6466,23,6,35,2.8519578052676327
4123,11,1,17,5.873766597402171
8896,0,9,31,6.527542486155848
3041,22,14,19,1.6686801399413356
3642,13,13,31,7.650466154877565
6574,21,0,11,4.501264916930313
2529,2,9,22,2.1602268044126043
3635,9,8,28,4.483584399614578
9855,25,0,31,1.884713371449756
1452,9,7,31,8.991962857337196
7912,0,9,15,5.110839106440782
7598,17,13,13,2.2422525584842274
3543,16,14,20,3.268861099549842
5695,18,6,27,7.521841930296209
5284,0,14,33,8.074793504576432
6693,25,9,11,1.371847556504462
2231,4,8,12,1.53892186651491
5579,25,11,26,9.254666541002113
8236,5,4,18,3.9788400510050317
7740,0,2,28,2.7399148072153126
6808,29,0,27,2.107518685329141
4506,16,1,15,5.283617302757035
4616,11,5,33,7.939474249941452
9150,3,7,13,5.69005990799017
2849,3,8,26,1.186063116614997
8004,23,7,32,5.355144693947346
2769,9,1,28,3.8049136950604376
7822,22,0,30,7.14573253154784
6861,22,14,20,5.711580715536337
9440,24,9,27,9.688034349409781
6062,7,3,33,6.383477386331988
7588,11,13,25,6.692328694959089
4164,28,14,28,5.68207696022727
3825,26,4,18,3.799049385623315
3835,26,9,26,6.675428421257143
1236,27,5,25,3.9962046991463875
8816,11,3,15,7.4561333287102975
7853,27,4,28,3.131617935737092
6907,2,14,13,4.3089523148054925
6695,15,7,20,6.252834938885258
9823,3,9,29,6.656425321496097
4135,23,2,24,7.017515751323346
7447,29,0,33,7.3028482184219365
3350,4,8,18,3.864757395013963
1191,28,14,30,9.033187668712955
6804,14,8,37,1.269402474290271
2296,20,14,20,2.6958694421650016
9626,23,1,19,1.6312673761084948
7849,7,2,19,7.043832751471338
6993,28,7,28,3.462987128277044
3251,21,2,34,2.7923815652848374
9076,29,2,10,5.3260073881627426
3586,24,5,26,6.571427695724224
4161,19,12,28,6.573214803284101
1626,9,5,27,6.017072765016135
3087,0,6,33,9.927877240177546
4652,9,9,30,8.741932994396013
9351,17,3,35,3.149741846048687
9527,16,4,26,7.828446336864216
2865,3,9,28,6.123674997818099
8673,24,2,12,1.634671439581671
2403,26,13,22,1.4462297643044966
1499,21,1,11,8.196571475607172
7408,12,2,18,5.9049162070834225
2846,29,11,22,6.1419239996907775
3879,29,2,10,4.026421493854878
4854,21,12,19,9.373132640125114
3083,5,1,30,7.420130040253337
3624,0,0,34,9.349952457153327
9224,0,10,37,1.8934053167432081
8744,2,2,12,6.253564144252919
3949,4,0,19,6.737745248448537
5954,17,7,28,2.133939904833499
3500,26,4,16,4.116384892933124
7217,11,11,26,2.933239124783503
8018,0,5,34,9.860130780241732
2049,8,11,32,5.890736720367917
1689,26,12,37,3.8373482168112543
4125,16,9,21,6.9804698684078685
5301,28,6,17,6.935928583827181
8360,12,6,27,4.125973383482629
2826,13,3,12,9.945305730859785
8196,26,5,34,8.280654242400939
8838,10,7,13,4.602863528032934
9459,29,5,30,6.9405340986726785
2092,10,6,34,7.394856604560121
8917,3,13,35,2.564348676967793
9324,8,12,17,8.903432549147347
9207,25,13,14,8.434340289103261
6702,17,2,20,7.801074376438995
5305,25,13,11,3.004084549388149
4951,18,8,28,2.226248333266885
5681,3,9,12,2.624932753392125
1472,11,1,21,1.8371692833217281
7315,17,13,16,9.462617469713212
1840,17,10,15,8.663450046343627
8439,27,7,32,1.8170152019101593
2149,5,7,17,7.101736354054193
7679,26,11,36,3.2102861521669865
4770,10,1,14,1.1554628798074338
1481,25,8,22,3.631529237746565
8814,4,2,22,4.960270623815141
4483,15,9,31,1.180343427587806
4234,10,14,10,3.9134802774503497
4001,4,5,23,7.303173663598829
6919,8,10,13,3.0558561313104313
3365,22,3,31,5.3640367779321885
4169,10,13,29,8.988228217328157
5695,28,4,10,1.2555188488808413
6160,14,2,23,8.070734310397533
5077,24,11,28,4.455035412725878
8937,16,9,28,5.870349019325108
7825,17,7,12,3.0778455489525878
1266,20,9,29,6.210536145943543
5827,25,11,20,7.576296845738952
9534,13,9,18,2.813841367096937
3808,6,7,34,4.089419359897151
4729,23,6,33,6.106410979370841
2002,22,6,28,4.751028972327015
1279,15,1,37,3.6383759009992973
6108,8,9,11,5.0651868960718875
3069,26,11,22,3.617449904625393
3570,2,5,12,3.716862250373053
6755,26,3,20,6.495703095639292
9827,20,10,23,5.293587445045283
5550,15,8,24,7.093650021791816
8353,27,4,14,8.537004990737056
7628,21,5,16,9.486687957660076
1609,29,6,11,2.362161977022408
8660,25,13,15,6.635713106677788
3241,6,1,20,6.24159584435135
6486,27,14,36,8.802507305869131
9116,6,0,11,9.063009146042495
7508,19,14,22,7.844523323638142
9041,0,5,10,6.359156461135685
9359,7,8,36,2.7933651980709757
3226,25,6,12,3.4897455765040335
3440,0,11,29,6.424903799226721
1652,11,11,11,2.254093878645703
7475,29,8,28,2.655677560695066
7281,16,11,37,9.202890426478211
8570,24,10,31,9.60680807802289
6991,28,2,18,1.0471123443446493
2247,25,12,27,8.76233735067776
2624,9,4,32,9.442122167486035
4850,27,5,10,5.731655244080764
3716,18,5,29,5.0401045792860675
1824,8,4,23,9.269195466893978
8173,9,13,23,1.0677984106308873
1090,10,1,27,8.56437252622046
7434,9,10,22,3.669184594387442
8807,29,9,13,6.770459854388828
1314,27,2,27,3.908782255220266
5621,29,5,28,5.706502669352405
6805,16,8,33,8.274854460151566
3934,6,14,13,2.631420619069347
7331,4,9,15,6.975267571228788
3537,27,7,21,9.08503151983472
3132,27,7,18,9.109465376940856
2409,19,7,22,9.047088433079626
7468,26,12,33,5.666170915859255
3799,11,10,23,7.909311279096968
6843,4,5,24,5.021719707640721
7617,29,12,23,5.141470484593382
5798,0,11,27,3.5546884445491544
6026,9,10,11,3.5670472193427862
6113,6,13,12,1.3404188976855742
1855,26,13,27,5.783244615161505
9217,11,2,28,3.7788482296829295
7780,1,4,27,2.68917789663767
8409,29,14,24,2.0954153689859347
2818,27,12,31,4.122989469617084
9466,8,7,34,9.091095058058976
4620,4,12,33,5.647614179083137
8971,4,2,15,6.012423761023918
8388,13,0,13,1.4889509211079606
4199,18,11,19,5.678617073769109
3666,25,13,21,7.0085056686097875
5943,17,14,14,2.356436978735403
3510,7,12,29,9.851984163835407
2823,28,13,14,9.23603039009169
9447,24,0,25,9.937920356412766
6361,2,6,27,4.242852824396508
8287,27,5,24,8.400692405093126
8173,13,4,17,3.958621449143987
3920,10,7,10,7.7421661629567975
9848,28,7,18,9.530468043805085
6611,7,10,21,2.395185546638774
7913,21,0,10,2.262878850442168
2291,11,6,14,1.939640443808063
3924,10,13,18,8.185156878530297
8563,8,10,10,6.999702445902675
4634,25,1,23,5.700836427703054
9239,3,12,26,7.965213885673493
8846,18,3,12,8.649308600063797
2513,6,0,25,9.545755866216313
6224,16,1,17,2.8112594465413756
1069,15,12,28,4.975089637224802
7504,18,9,37,9.307120075893945
5953,22,8,24,5.15191337647815
3861,11,11,11,5.3888952161418
6694,6,0,15,9.48200707627311
6095,24,6,19,7.612086659460196
5910,13,3,30,5.968433432680332
6165,25,6,22,4.2155757878716
5175,24,14,37,9.23814521980312
3470,10,13,24,1.0804465296532755
5572,10,6,20,3.8890557827475796
2585,6,14,18,9.514658421566752
8472,10,10,36,5.48383417187323
2433,29,12,23,6.614691697743387
3013,2,9,12,5.793540374865352
9554,14,14,29,4.576246342590755
2299,2,2,36,6.987541955083598
2252,29,14,35,7.8982725416970325
8542,20,12,25,4.2798374365047405
9524,8,1,17,6.314693038348247
7623,16,2,20,1.7448233043789838
4537,16,14,11,5.928381232829784
9872,24,14,14,7.729746683830118
6501,11,4,21,6.2671945592586
3314,6,12,18,8.906028670146938
8038,10,7,20,3.5757386848535377
5173,28,10,25,5.42580462917695
1817,13,8,34,1.787319575269784
2908,19,3,19,7.300188213058566
1360,0,5,34,4.986023604445007
9252,5,3,20,5.773289270352713
5102,24,14,10,2.1555519682609865
2294,21,13,10,9.976166432915486
5616,20,13,10,7.947280239445013
1212,16,13,33,4.605667959708635
9422,24,8,29,6.129637456469162
7970,8,4,24,6.568454246996795
9859,0,1,18,9.64689427748899
9073,11,0,36,7.91549749104579
4189,19,4,15,4.147001371901997
5183,27,14,28,9.79935137519749
6635,16,7,17,3.7161667705041226
1750,25,14,26,6.192514586246668
3274,3,10,21,7.3060091069068225
2267,22,10,11,3.440132131525278
1420,7,13,17,9.607249852086687
5526,18,12,10,2.9449891203735508
2383,18,5,37,4.975959015105394
6590,25,10,22,2.6188597148218977
6832,4,11,20,8.87488784895625
4654,10,6,30,2.9944109807475554
1146,5,8,28,1.3126728988132694
4884,12,3,11,1.350463622773547
2353,18,4,29,4.7237803782935694
6173,5,8,27,5.704998477591713
4884,25,2,30,1.3747476855172396
9962,27,0,33,1.8357881179133644
3123,22,7,13,1.8771665904405954
4461,12,8,16,7.016511563486589
2773,5,10,14,3.698335184564877
2740,15,13,18,6.063153880157895
5541,21,9,22,1.6632637396720786
1392,28,10,27,9.029040042526317
1040,17,11,24,3.7398994158076286
3970,28,13,27,8.003806511833275
8860,10,14,10,8.440327637593043
3057,19,9,13,9.8911777361132
1560,16,3,22,7.669350134791778
7632,9,12,23,4.985249932830904
8560,15,11,17,2.3736503475391637
7873,28,5,30,1.4308500599570562
3685,4,6,14,8.976338355220333
4762,28,6,29,5.0199705269893
7371,28,7,16,7.749673121398563
3314,9,5,35,5.46697432594701
4330,2,6,33,8.916980294422011
4835,18,13,18,7.74698808227553
3492,3,14,15,1.7691198341239898
3632,11,8,21,7.769322150774167
7173,24,5,34,3.4013273386742635
2615,26,13,20,7.95750590391528
2031,21,12,24,9.536635011257058
2192,9,14,26,9.371189880972755
3199,10,1,12,2.1250020921758948
1380,7,3,26,1.4920501528589256
8587,26,4,36,7.992834759249476
8056,11,7,30,7.389655410378689
4839,13,14,17,2.58555229318166
2350,20,3,31,7.161106000338935
5686,28,0,21,1.1393907930462146
4131,21,0,22,6.680458763582694
2151,2,1,35,8.490750003110232
2193,26,7,21,6.776551008149939
1551,10,2,14,1.5885677866542292
7588,26,5,10,9.918751335984354
7095,6,6,37,4.204823312198979
4379,27,10,26,4.4243037239987855
6503,26,0,14,1.7627620357723366
1252,14,4,37,2.5040591349574255
6083,10,1,30,3.440582141638697
7790,24,6,17,8.19282132576981
9370,24,11,11,7.225739270374874
9448,6,11,32,6.252839467877136
7675,18,12,14,8.775038930939552
3601,15,2,23,9.980246710117544
8768,20,8,11,4.462970123943701
3642,25,0,30,4.5210108519224885
7927,24,1,21,7.624804379795287
9079,26,14,34,6.799139449367637
7831,24,8,37,1.120541031103576
4039,18,6,23,6.89884574261054
4382,12,2,14,7.476475509668705
9939,20,10,30,9.873429328678268
8835,16,7,36,6.2809390238085525
3710,13,4,27,7.1597602998469565
3492,22,14,34,8.09872934747107
1095,1,1,27,1.8636365851065564
5439,25,9,25,7.6118695831796295
1243,25,0,14,5.9217914251783
9729,21,5,11,1.9006802463766355
5371,9,3,27,7.028927587576958
2835,27,1,31,3.110538472189147
4857,5,0,35,5.841080680609085
8267,15,6,12,3.528641887443243
6977,6,3,35,1.9408273927302684
7540,18,0,18,3.2577797557079062
1601,23,12,37,4.949259598974324
7184,20,9,15,5.447159728051888
8118,9,0,35,2.336328273698401
4512,19,6,35,3.8888076189946563
8638,26,4,27,8.734515790479293
7793,14,0,10,9.193439186595139
9132,11,10,27,5.816638778776284
2635,24,8,35,5.413254472731692
9463,8,14,31,6.232682121895543
7111,17,2,11,2.9311251029794825
9074,16,9,32,9.94214034180653
4942,18,0,32,7.707454488751055
5064,9,14,26,3.1487129149559214
7639,7,12,21,3.449317665721794
8107,19,1,31,6.8357114880821435
6590,4,9,30,3.9056187627090857
1192,12,5,33,4.197850947816076
1507,20,2,33,8.02848403144224
2161,26,9,34,3.4023434471675382
8478,1,7,11,7.347170768762898
4999,0,0,36,9.413963770873396
8724,7,0,10,2.1172164129841398
7330,9,7,19,2.2985577519318454
8013,27,10,31,9.485857907306343
7430,4,0,11,2.8316733151229685
4540,17,14,14,1.188107484388724
5567,22,13,26,8.816571244180894
2658,29,10,10,3.5407259829862383
3135,1,3,23,3.68518541555606
5531,21,10,30,3.0422903156660954
6893,8,12,15,9.259002083246312
4803,15,12,20,7.969767823008639
4833,19,5,16,6.371132103784039
2865,20,0,36,5.079324841081815
3903,16,3,29,2.291771068842485
6182,15,12,29,9.333880934654276
6593,28,4,30,7.746972374432388
9064,0,12,31,3.5099518417407642
4091,24,0,33,9.527464588966282
3753,4,1,18,9.416718470484092
2729,27,1,32,6.935669445815961
2991,26,5,35,9.865032013464104
5917,18,1,12,2.685234209327141
4928,17,5,15,7.582513236289301
2297,25,8,18,2.36958502268568
2744,22,14,15,7.225220872129551
2287,19,1,37,9.278666377379288
8218,2,6,36,5.824878053802574
2874,17,13,19,7.867599737741063
8012,10,10,33,2.288095557493983
4537,10,0,17,6.698751133507904
9824,10,8,29,1.56872706519083
8729,9,3,25,1.3320808855773056
8720,9,4,16,6.7065632437253
8483,3,3,32,6.155277221495409
5420,8,14,32,3.9632602766885285
7990,9,9,33,5.616366491599774
1222,12,8,27,7.159061350928593
6725,22,14,37,6.802550359369884
1838,0,13,27,1.6626926030601543
5883,15,0,24,7.103073893243154
1038,18,9,31,6.935797713462564
1770,11,5,36,7.02652592501577
4334,4,12,15,8.626179352141168
3432,22,11,14,6.190323784176572
6530,29,4,27,9.441107723677323
9896,4,7,17,9.820083516671106
6587,24,1,12,7.766594486264185
5203,6,11,25,4.228135784268674
2210,11,3,26,2.287885740486461
7401,13,4,26,8.381259271253626
1763,0,7,21,2.3196910234097317
1351,5,12,32,2.3155247982363885
9467,17,0,16,9.271383005120077
4555,5,6,31,6.038854068726321
9474,18,7,31,3.6399967593715674
4667,29,0,30,9.66685497040793
1318,11,4,37,7.365976164859063
9916,17,5,15,5.813600582825556
8722,2,9,11,3.965322292948732
2668,10,4,14,7.0895487825040755
5470,25,13,11,7.5780565088924225
2524,3,14,12,7.408991623693749
2726,12,8,14,2.7580388393411255
5245,0,3,26,7.275198132684743
4163,19,13,36,6.233021880716361
7795,5,1,28,8.650686177307517
7758,20,8,19,6.622919209042012
5809,28,1,21,2.3164901347773887
1239,13,1,31,3.866794445177553
1610,20,11,27,7.694358987459376
1228,8,5,28,7.659656033551956
6008,8,8,22,3.004433104872147
9947,24,4,34,4.191339852392444
7874,6,9,17,1.1378767738786428
9499,28,1,12,3.9853409333935637
2352,14,11,32,1.2370511574417726
4250,9,5,21,8.855836369492668
1921,8,0,13,6.999825198917588
1735,28,13,23,9.722329934298894
4402,27,9,16,9.027318163132326
6895,23,9,30,6.431277537278262
6843,23,2,37,5.526357970350557
4363,14,2,22,8.953520416612065
2177,20,9,21,3.6857357839612597
6080,8,13,24,3.0116641675620976
1918,23,14,11,4.690190063433447
4045,6,5,31,1.478780608385728
9667,23,13,10,3.71774642418991
1330,24,3,15,1.7531229402013662
1348,22,12,10,1.4739484333785728
7059,24,10,28,5.962058342447936
1467,7,10,36,7.373486925425797
2751,1,7,19,5.83007068385322
1686,2,6,32,1.6351963890916772
5264,21,8,23,4.554724157176805
8436,21,4,11,1.998562918523222
9129,22,10,18,6.850572804610347
4257,1,4,12,8.437658220135393
7874,27,4,28,2.050351503475804
6441,0,8,23,1.6016748895496349
9445,26,1,25,4.6535674738263495
8620,11,6,16,3.731263088650275
1026,4,9,10,3.3462086571848237
3618,29,2,14,2.9025652235846318
1986,26,7,35,3.8523251497736926
2613,17,8,12,9.68836992746629
3746,24,10,26,8.719038500333287
9887,18,10,32,6.412213804176575
7612,27,13,35,8.204271045069381
4376,1,9,23,1.1326198397765381
2755,27,8,25,2.0030978684899594
9848,15,4,16,3.632153914574898
5473,27,9,18,6.795090998311576
2272,22,10,16,8.950725888441841
7911,5,10,24,3.0802614263831227
5005,23,11,29,2.2528221092606584
2024,24,8,12,8.631274180906644
3585,2,12,31,4.682220797991367
8364,7,12,25,7.295575961542924
6996,3,2,31,5.932258462853053
9819,17,7,27,2.5832026256427083
7572,19,6,16,7.305177858409272
1268,3,3,26,4.787003675296921
3656,7,11,34,3.5897368435356576
2432,25,8,27,9.124284565668287
8441,23,14,12,1.0538724005246842
9246,28,6,31,4.643827587862734
7042,6,7,20,3.7046079489042554
7711,19,10,32,1.490315417980487
9123,17,7,23,1.7238094270250501
7227,0,2,26,2.550582045221887
3341,26,6,28,5.544997540020033
4017,17,7,31,3.543791980612768
9155,1,2,29,8.540731107961276
9658,18,8,14,3.159783105403176
9756,9,12,37,7.481990786103192
3430,20,9,12,2.893390089096816
5255,0,3,25,1.382973064968199
7373,20,12,33,3.381595527467679
8371,6,9,10,8.538116730796988
2794,27,14,20,1.7402602894685235
1831,13,6,19,4.100460965539899
7539,0,7,16,1.0721513339837125
1281,3,14,25,6.672201131636329
7948,10,7,11,9.484838062538776
8537,1,4,17,4.459295586937573
4657,7,6,24,6.192261394973722
4627,17,7,25,5.070560559479941
9330,16,12,12,9.75997665899815
7098,13,12,29,7.623987954904078
5548,29,12,11,1.39800701517157
8447,17,10,24,1.9785219942962389
7747,9,12,23,5.234327488551923
9722,19,1,30,6.685713363487531
4702,20,9,18,3.6135629995799663
1108,17,3,13,7.071802386834629
9166,19,14,32,6.188728565597872
1722,22,5,17,4.915833201318289
1498,4,8,19,6.24067323239003
7992,7,1,26,9.2481717659662
3830,9,6,15,3.1888372486570504
4517,24,1,14,8.120907402726058
7282,0,9,19,1.1076144065159337
1268,16,1,35,1.7631849319857156
9528,18,0,26,9.547169750386402
6147,23,8,25,7.279557983582189
6275,16,5,34,6.69985487872799
8183,9,12,36,4.006497409960467
6923,17,13,35,2.65903461925098
4824,29,1,32,4.419244652688489
2191,0,9,26,6.385511736190557
8059,29,3,37,6.70943666230352
1352,16,3,27,2.525955983755583
3561,27,11,29,5.0095172822346905
1204,12,6,35,6.100826225315906
4329,24,6,18,9.639647284905264
2786,27,3,20,5.944807941269151
3431,9,4,11,6.225394690968932
4428,0,10,23,7.886698162581365
3372,19,11,24,4.770207511760243
3117,6,11,10,4.454810569952579
1561,27,8,10,6.318182875896171
2887,20,5,18,8.049770295261219
5271,25,14,21,6.738235447147426
7654,12,1,26,2.67518034596092
9912,20,12,24,4.579302526315644
1392,6,1,13,5.613371184962533
1244,5,2,14,5.713699462147741
6031,21,12,23,4.056356250539185
9321,12,10,15,5.701731780061704
7728,7,14,15,7.056778527616107
5704,15,14,28,5.21175441857752
9056,25,6,32,5.0621262727800165
4090,8,1,33,8.214245421845352
5844,12,0,10,7.811542253886616
2852,26,3,18,4.801644578584529
8142,1,14,31,9.964120078405987
8357,11,14,10,1.5982388863078099
8820,11,9,36,3.9339616321634487
2937,25,6,34,1.3314745399000492
5993,14,4,13,8.555224441497666
7146,19,6,34,7.800672036710824
1901,9,6,25,7.153089417823496
9091,24,11,35,2.9302500090888195
2356,13,6,37,7.369469634988171
2363,29,12,14,4.197805817182652
